Project,Conflict Resolution,Perseverance,Adaptability,Growth Mindset,Leadership,Collaboration,Technical Excellence,Customer Focus,Strategic Thinking,Problem Solving
DPV Code Coverage,✓,✓,,,Leading cross-team development,Working with engineering & client teams,Novel approach to coverage analysis,Preventing costly chip redesigns,Creating key product differentiator,Complex verification gap detection
Token-based Licensing,Addressing team resistance to shared resource pool,,Adapting to changing requirements,,Driving cross-product initiative,Facilitating working group collaboration,Efficient resource allocation design,Reducing licensing costs for clients,Aligning with business model evolution,Hybrid licensing solution
Save/Restore Design Enhancement,,Iterating to address complex edge cases,,Learning customer workflows,,,Comprehensive serialization format,Streamlining customer workflows,,
OneDrive Catalog SKU Filtering,Resolving engineering vs. marketing conflicts,Addressing high-severity incidents,Quick response to production issues,,,Cross-functional stakeholder management,,,Balancing reliability with business goals,Critical incident resolution
Stream 2.0 Video Integration,Managing cross-team API expectations,Delivering despite changing APIs,Adapting to API changes,,Cross-service coordination,Initiating cross-team sync process,Multi-service integration design,Seamless user experience,Reusable integration patterns,Creating adapter layer for stability
PowerPoint Recording Studio,,Persisting through multiple implementation attempts,Pivoting to hardware acceleration,Developing video processing expertise,Establishing TDD practices,Coordinating with design team,Video processing pipeline optimization,Boosting user adoption by 180%,Feature roadmap planning,Solving video quality challenges
Web Editor Performance,Advocating for architectural changes,Multiple iteration cycles to solve performance issues,,Learning DOM virtualization techniques,Driving performance initiative,Collaborating with customer support,Virtualized rendering architecture,60% performance improvement,Enabling future feature roadmap,Fundamental rendering redesign
Math Expression Support,,Learning specialized domain,Integrating external libraries,Mastering MathML standards,,,SVG rendering integration,Attracting academic customers,,
ColorPop in Photoshop,,,,Developing image recognition expertise,,,Background processing pipeline,Auto-creation of effects,,
RIBS to Hyperdrive Migration,,Completing migration ahead of schedule,Pivoting to hybrid approach when facing roadblocks,,Managing CI/CD transformation,Coordinating with build systems team,Parallel processing design,Reducing installation time by 50%,,Solving complex dependencies
